Image Name	Width	Height	Explant Area	Vessels Area	Vessels Percentage Area	Total Number of Junctions	Junctions Density	Total Vessels Length	Average Vessels Length	Total Number of End Points	Average Vessel Diameter	Medial E Lacunarity	Mean E Lacunarity	E Lacunarity Gradient	Medial F Lacunarity	Mean F Lacunarity	F Lacunarity Gradient
image1.jpeg	520	520	267211.5	50225.0	18.795972478729396	0.0	0.0	1968.0996385116139	178.91814895560125	22	22.627416997969522	0.19013342519680826	1.1289016242201295	-0.4870126507256212	0.19013342519680826	0.41766309506807514	-0.09263257598439409
image2.jpeg	520	520	263640.5	44507.0	16.88170064917947	4.0	1.5172175746897764e-05	2488.1189744953685	146.35993967619814	38	16.0	0.764398545681894	1.3188181172617655	-0.4507041452729638	0.764398545681894	0.6413031489469502	-0.06684702111795213
image3.jpeg	520	520	252945.5	49671.0	19.63703643670277	2.0	7.906841592358828e-06	2374.1677477306503	197.84731231088753	24	21.2602916254693	0.3132171093464106	0.8999566266448988	-0.4385858146581047	0.3132171093464106	0.32484094077252695	-0.0797319214840165
image4.jpeg	520	520	261009.0	48587.0	18.615066913401453	6.0	2.298771306736549e-05	2921.3241687042528	132.78746221382968	50	16.0	0.20047459801622727	0.7682765047319519	-0.42551565677025915	0.20047459801622727	0.31011560340923033	-0.10866167850803363
image5.jpeg	519	519	262898.0	45254.0	17.213520072423524	1.0	3.8037565900082922e-06	1997.3889603929592	332.8981600654932	13	20.8806130178211	0.9676059613936063	1.6617104979933903	-0.4635962940678634	0.9676059613936063	0.7075954630713202	-0.02413549048523191
image6.jpeg	498	497	235982.5	34861.0	14.772705603169726	1.0	4.2376023645821196e-06	1908.969696196703	238.62121202458786	17	16.0	0.9784997987655595	1.854184333171127	-0.5001571077145875	0.9784997987655595	0.7512957199202834	-0.03461536906604411
image7.jpeg	519	520	265186.5	37127.0	14.000335612861138	2.0	7.5418620480303485e-06	1941.7270555095824	107.87372530608792	37	18.0	0.7288401526075413	1.731488036076445	-0.5056695454091225	0.7288401526075413	0.81391728564462	-0.06896359053257611
image8.jpeg	391	390	151710.0	25633.0	16.89605167754268	0.0	0.0	1601.3056992722718	133.44214160602266	24	14.0	0.2187307123252883	0.9289816109435083	-0.5043091858017759	0.2187307123252883	0.3353068019519624	-0.11494127915884701
image9.jpeg	519	520	267331.5	50020.0	18.71085150833329	2.0	7.481348064107671e-06	2214.2783540618034	116.5409660032528	40	18.439088914585774	0.26972908608417856	0.9128255040834935	-0.44665325445184045	0.26972908608417856	0.3962509270266831	-0.10010080480991866
image10.jpeg	519	520	264488.5	42317.0	15.999561417604168	4.0	1.5123530890757065e-05	2399.094587877729	126.268136204091	42	16.0	0.42315590560688604	1.1579934821504587	-0.4763791145732276	0.4125164346144533	0.42282956768142005	-0.08510346998619706
image11.jpeg	416	416	172225.0	34292.0	19.911162723181885	3.0	1.7419073885905065e-05	1642.1930009000644	126.32253853077418	29	18.0	0.87796603295279	1.3711844023660305	-0.4344831927446195	0.8170260859667628	0.6662825115084644	-0.06222987717700703
image12.jpeg	520	520	255486.5	42707.0	16.715951723476582	1.0	3.914101136459265e-06	1974.9230150024775	246.8653768753097	17	21.540659228538015	0.884693548824721	1.544462816853967	-0.46465275215710944	0.8651774913664744	0.6864927894592717	-0.05041431070441335
image13.jpeg	520	520	246164.0	51496.0	20.919387075283144	4.0	1.624932971514925e-05	2333.6479784710045	145.85299865443778	34	21.540659228538015	0.5034698007594726	1.0115080629304494	-0.4168774947612694	0.5034698007594726	0.5007368771365942	-0.08384644310312803
image14.jpeg	519	520	268842.0	48616.0	18.083483979437737	2.0	7.439313797695301e-06	2016.1391770309026	336.0231961718171	14	18.0	1.579930365990828	2.2977723071830445	-0.42276223083409264	1.5422738529948894	1.1075365639531611	0.021950814001798196
image15.jpeg	519	520	265420.0	53229.0	20.05463039710647	6.0	2.2605681561299072e-05	2294.2489168102793	114.71244584051396	46	21.540659228538015	0.6720588616332096	1.1238838559618853	-0.4078306414986099	0.5928905353259081	0.4719577141722458	-0.06138351665724228
image16.jpeg	521	520	267120.5	51182.0	19.16064098412514	2.0	7.487257623432121e-06	2370.8885271170707	169.3491805083622	29	19.79898987322333	0.3513914851935203	1.032892784243245	-0.43589028177371686	0.3513914851935203	0.474374331904689	-0.0806141911281557
image17.jpeg	486	487	234156.0	36407.0	15.548181554177557	0.0	0.0	1710.1513703397216	131.55010541074782	25	20.0	1.2087067985347841	1.8053395652822928	-0.4692283159675688	0.9153905356893691	0.6018807806435661	-0.020956579350421636
image18.jpeg	519	520	258366.5	34829.0	13.480462830901065	0.0	0.0	1792.7909806465125	199.1989978496125	17	18.0	2.1124158990014985	2.7325219111050134	-0.46256628448082326	1.4564706472361704	1.0118381431343382	0.023621787788100583
image19.jpeg	489	489	229242.0	64616.0	28.186806955095488	5.0	2.181101194371014e-05	3305.2581515262705	206.5786344703919	37	17.88854381999832	0.01310530471499785	0.300886341948592	-0.30054754482447493	0.01310530471499785	0.10205811618643738	-0.09129961638800466
image20.jpeg	498	497	240204.5	42906.0	17.862279849045294	2.0	8.326238684121238e-06	2037.8275605729712	185.2570509611792	23	18.439088914585774	0.81398614202197	1.437746096844492	-0.4565830560364679	0.81398614202197	0.6838682496461257	-0.06381166076231601
image21.jpeg	519	520	262551.0	63938.0	24.352601970664747	7.0	2.6661486720675222e-05	2778.9738802788074	154.38743779326708	43	20.0	0.1998527599898591	0.5451939578416021	-0.3533004608618679	0.1998527599898591	0.24367450631001336	-0.09014334684306936
image22.jpeg	520	519	266859.5	49247.0	18.454280248595236	1.0	3.7472902407446617e-06	2541.096679918783	141.17203777326574	37	14.0	0.2994466971328328	0.9803959159709503	-0.4454248700916176	0.2994466971328328	0.44269614537032387	-0.10714172743443895
image23.jpeg	519	520	268842.0	37991.0	14.131348524412108	5.0	1.859828449423825e-05	2308.881384442133	144.3050865276333	37	15.231546211727817	0.7532120354991906	1.4451935249437189	-0.49390523152560645	0.6458597855505076	0.4840871154026664	-0.0652905801625723
image24.jpeg	400	400	153934.0	36704.0	23.843985084516742	2.0	1.299258123611418e-05	1596.6732316404205	145.15211196731096	24	22.22570090468621	0.4142406068834541	0.8680399926287208	-0.4045389969423713	0.4142406068834541	0.45406951083998104	-0.08445321428703319
image25.jpeg	467	467	217156.0	17934.0	8.258579086002689	0.0	0.0	1121.759451353934	93.4799542794945	24	15.620499351813308	0.7296181912318873	2.3681888237817175	-0.6610244142092535	0.6703127063762777	0.5163721639853354	-0.03827896974794324
image26.jpeg	520	519	255965.5	44799.0	17.50196803866146	0.0	0.0	1920.359523141437	640.1198410471457	4	22.090722034374522	1.9310893488911562	2.3856756261794017	-0.425688403741452	1.1244919595380178	0.7528629269138791	0.022287442607911837
image27.jpeg	520	520	262836.0	55725.0	21.201433593571657	3.0	1.1413961557777473e-05	2745.1849916733527	152.51027731518627	39	17.88854381999832	0.18447191178914044	0.6974010457604172	-0.4048839840732844	0.18447191178914044	0.294490650910982	-0.10163833256995168
image28.jpeg	519	521	269360.0	58969.0	21.892263142263143	9.0	3.3412533412533413e-05	3287.4541110191612	99.61982154603518	75	14.422205101855956	0.1467106771602891	0.5221812831898671	-0.36010764246021737	0.1467106771602891	0.2327328144917543	-0.10670870210173794
image29.jpeg	520	520	269361.0	30462.0	11.308986824373239	0.0	0.0	2020.2102448427681	155.4007880648283	26	13.416407864998739	0.9464780001417317	2.113850663403783	-0.5626984011740748	0.8248231251328809	0.7285806430227465	-0.05421868204094344
image30.jpeg	519	519	266220.0	30800.0	11.56937870933814	0.0	0.0	1534.4701294725905	127.87251078938255	23	18.439088914585774	2.002888995840736	3.0436929552849383	-0.4965306844393784	2.002888995840736	1.435367822610997	0.04300339194633293
image31.jpeg	521	520	261783.0	46253.0	17.66845058693651	4.0	1.5279831005069083e-05	2567.800215362501	160.48751346015632	36	16.0	0.7553096873863349	1.1814550413608316	-0.41862153847338013	0.7362025427486037	0.5185400706442165	-0.05487865237276652
image32.jpeg	519	519	267138.0	40962.0	15.333647777553175	4.0	1.4973534278163346e-05	2045.4427842621199	255.68034803276498	20	17.88854381999832	1.316214451264034	2.0158675988219947	-0.463814516367012	0.9154738947263718	0.7110223700687459	-0.022538270478294636
image33.jpeg	521	520	269244.5	44372.0	16.4801880818364	3.0	1.114228888612395e-05	2150.8153672641506	195.52866975128643	25	16.0	1.0781814225718884	1.704603697734213	-0.465914088198527	0.9469754837012443	0.683315226707064	-0.0478980180624138
image34.jpeg	520	520	261686.0	40957.0	15.651200293481502	3.0	1.146412112226103e-05	2083.6021638285556	694.5340546095185	7	17.08800749063506	1.9205415759706566	2.4346240830513506	-0.4541988809458993	1.2055273291907902	0.7778339469344899	0.014356988881968487
image35.jpeg	519	519	255732.5	43203.0	16.893824601878915	1.0	3.9103359956204236e-06	1859.7859300126293	185.97859300126294	20	21.540659228538015	1.117928442738579	1.8024026651504652	-0.4621336042370124	1.117928442738579	0.9303758972834866	-0.037393821456068545
image36.jpeg	519	519	256687.0	46292.0	18.03441545539899	3.0	1.1687385804501202e-05	2089.609306503492	261.2011633129365	19	22.80350850198276	1.001122249716683	1.5918235386912079	-0.4441229907773311	0.9669272094936855	0.6440926937893492	-0.030126521900817417
image37.jpeg	512	513	256460.0	66204.0	25.81455197691648	9.0	3.509319192076737e-05	3088.1576464628806	193.00985290393004	36	20.396078054371138	0.10498544849026045	0.5101062389825539	-0.34901024117743384	0.10498544849026045	0.24680519781467103	-0.10344342293158801
image38.jpeg	519	519	265795.5	59919.0	22.54327104860692	9.0	3.3860618407760856e-05	2966.7779207859135	148.33889603929566	47	17.88854381999832	0.11188061713560635	0.6083084294836472	-0.38669523495693536	0.11188061713560635	0.2564671980418195	-0.10243569903374891
